Feature,Minimum,Maximum,Mean,Median
Crop_Yield,50.0,230426.0,71586.58263921025,39530.0
Rainfall,51.0,3240.0,1146.8366882616074,1083.0
Pesticides,0.04,111654.5,28402.05429199445,15373.0
Temperature,2.3599999999999977,30.65,20.422711707542806,21.42
